<?xml version = '1.0' encoding = 'UTF-8'?>
<Entity class="oracle.dbtools.crest.model.design.logical.Entity" directorySegmentName="seg_0" id="0624FC4F-7B6A-A175-2A2F-A3E6F41D290C" name="RESERVA">
<createdBy>carlamiranda</createdBy>
<createdTime>2026-01-13 01:47:37 UTC</createdTime>
<ownerDesignName>Modelamiento_S2</ownerDesignName>
<engineerTo>
<item key="A4822966-D10E-BE72-9FC0-280C2254632B" value="true"/>
</engineerTo>
<adequatelyNormalized>NO</adequatelyNormalized>
<expectedVolumes>0</expectedVolumes>
<fwdEngineeringStrategyName>Single Table</fwdEngineeringStrategyName>
<growthPercent>0</growthPercent>
<growthType>Year</growthType>
<maxVolumes>9999999</maxVolumes>
<minVolumes>0</minVolumes>
<normalForm>Third</normalForm>
<attributes itemClass="oracle.dbtools.crest.model.design.logical.Attribute">
<Attribute name="numero_reserva" id="F1FD7D79-D754-472E-EE62-0A536859BD25">
<createdBy>carlamiranda</createdBy>
<createdTime>2026-01-13 01:47:54 UTC</createdTime>
<ownerDesignName>Modelamiento_S2</ownerDesignName>
<engineerTo>
<item key="A4822966-D10E-BE72-9FC0-280C2254632B" value="true"/>
</engineerTo>
<useDomainConstraints>false</useDomainConstraints>
<use>1</use>
<logicalDatatype>LOGDT019</logicalDatatype>
<dataTypePrecision>10</dataTypePrecision>
<ownDataTypeParameters>,10,</ownDataTypeParameters>
</Attribute>
<Attribute name="fecha_reserva" id="043AB67D-32A9-39F7-AA98-E59DE5E0389F">
<createdBy>carlamiranda</createdBy>
<createdTime>2026-01-13 01:48:08 UTC</createdTime>
<ownerDesignName>Modelamiento_S2</ownerDesignName>
<engineerTo>
<item key="A4822966-D10E-BE72-9FC0-280C2254632B" value="true"/>
</engineerTo>
<useDomainConstraints>false</useDomainConstraints>
<use>1</use>
<logicalDatatype>LOGDT007</logicalDatatype>
<ownDataTypeParameters>,,</ownDataTypeParameters>
</Attribute>
<Attribute name="fecha_viaje" id="650EE971-DFB3-7CA8-A489-82E04D00C715">
<createdBy>carlamiranda</createdBy>
<createdTime>2026-01-13 01:48:18 UTC</createdTime>
<ownerDesignName>Modelamiento_S2</ownerDesignName>
<engineerTo>
<item key="A4822966-D10E-BE72-9FC0-280C2254632B" value="true"/>
</engineerTo>
<useDomainConstraints>false</useDomainConstraints>
<use>1</use>
<logicalDatatype>LOGDT007</logicalDatatype>
<ownDataTypeParameters>,,</ownDataTypeParameters>
</Attribute>
<Attribute name="estado_reserva" id="6CFB92F1-78EA-0173-1F48-8F666F28A178">
<createdBy>carlamiranda</createdBy>
<createdTime>2026-01-13 01:48:24 UTC</createdTime>
<ownerDesignName>Modelamiento_S2</ownerDesignName>
<engineerTo>
<item key="A4822966-D10E-BE72-9FC0-280C2254632B" value="true"/>
</engineerTo>
<useDomainConstraints>false</useDomainConstraints>
<use>1</use>
<logicalDatatype>LOGDT024</logicalDatatype>
<dataTypeSize>20</dataTypeSize>
<ownDataTypeParameters>20,,</ownDataTypeParameters>
</Attribute>
<Attribute name="numero_documento" id="C55AFC3F-5CF2-1DEF-91CF-3D620774AA60">
<createdBy>carlamiranda</createdBy>
<createdTime>2026-01-20 01:23:44 UTC</createdTime>
<generatorID>318BBA48-A6A3-94D9-278E-0D442A40B247</generatorID>
<ownerDesignName>Modelamiento_S2</ownerDesignName>
<engineerTo>
<item key="A4822966-D10E-BE72-9FC0-280C2254632B" value="true"/>
</engineerTo>
<referedAttribute>2566F793-7DF7-8771-35BE-68662C60830E</referedAttribute>
<useDomainConstraints>false</useDomainConstraints>
<use>1</use>
<logicalDatatype>LOGDT024</logicalDatatype>
<dataTypeSize>20</dataTypeSize>
<ownDataTypeParameters>,,</ownDataTypeParameters>
</Attribute>
<Attribute name="numero_vuelo" id="1556DEC2-59E7-549A-AA4D-0080B356ABC1">
<createdBy>carlamiranda</createdBy>
<createdTime>2026-01-20 01:24:40 UTC</createdTime>
<generatorID>42E16AA4-C755-B7F2-DA90-7DC9E89926D1</generatorID>
<ownerDesignName>Modelamiento_S2</ownerDesignName>
<engineerTo>
<item key="A4822966-D10E-BE72-9FC0-280C2254632B" value="true"/>
</engineerTo>
<referedAttribute>25868A93-1C74-9C6C-7AA5-3BA3FFB52588</referedAttribute>
<useDomainConstraints>false</useDomainConstraints>
<use>1</use>
<logicalDatatype>LOGDT024</logicalDatatype>
<dataTypeSize>25</dataTypeSize>
<ownDataTypeParameters>,,</ownDataTypeParameters>
</Attribute>
<Attribute name="rut" id="30152FF2-F512-BED7-48F4-668745620215">
<createdBy>carlamiranda</createdBy>
<createdTime>2026-01-20 01:26:03 UTC</createdTime>
<generatorID>0B44A226-31D8-A8DD-86DB-C22AC42A0224</generatorID>
<ownerDesignName>Modelamiento_S2</ownerDesignName>
<engineerTo>
<item key="A4822966-D10E-BE72-9FC0-280C2254632B" value="true"/>
</engineerTo>
<referedAttribute>E29876AD-F54D-69E7-6F42-501F945D1B78</referedAttribute>
<useDomainConstraints>false</useDomainConstraints>
<use>1</use>
<logicalDatatype>LOGDT024</logicalDatatype>
<dataTypeSize>12</dataTypeSize>
<ownDataTypeParameters>,,</ownDataTypeParameters>
</Attribute>
</attributes>
<identifiers itemClass="oracle.dbtools.crest.model.design.logical.CandidateKey">
<identifier id="5F7408C3-5A36-BB65-3E7B-543F4547B2C5" name="RESERVA PK">
<createdBy>carlamiranda</createdBy>
<createdTime>2026-01-13 01:48:06 UTC</createdTime>
<ownerDesignName>Modelamiento_S2</ownerDesignName>
<engineerTo>
<item key="A4822966-D10E-BE72-9FC0-280C2254632B" value="true"/>
</engineerTo>
<pk>true</pk>
<usedAttributes>
<attributeRef>F1FD7D79-D754-472E-EE62-0A536859BD25</attributeRef>
</usedAttributes>
</identifier>
</identifiers>
</Entity>