<?xml version = '1.0' encoding = 'UTF-8'?>
<Entity class="oracle.dbtools.crest.model.design.logical.Entity" directorySegmentName="seg_0" id="70F473B7-9BA5-6FD8-A43B-46C963D7C353" name="VUELO">
<createdBy>carlamiranda</createdBy>
<createdTime>2026-01-13 01:44:43 UTC</createdTime>
<ownerDesignName>Modelamiento_S2</ownerDesignName>
<engineerTo>
<item key="A4822966-D10E-BE72-9FC0-280C2254632B" value="true"/>
</engineerTo>
<adequatelyNormalized>NO</adequatelyNormalized>
<expectedVolumes>0</expectedVolumes>
<fwdEngineeringStrategyName>Single Table</fwdEngineeringStrategyName>
<growthPercent>0</growthPercent>
<growthType>Year</growthType>
<maxVolumes>9999999</maxVolumes>
<minVolumes>0</minVolumes>
<normalForm>Third</normalForm>
<attributes itemClass="oracle.dbtools.crest.model.design.logical.Attribute">
<Attribute name="numero_vuelo" id="25868A93-1C74-9C6C-7AA5-3BA3FFB52588">
<createdBy>carlamiranda</createdBy>
<createdTime>2026-01-13 01:44:55 UTC</createdTime>
<ownerDesignName>Modelamiento_S2</ownerDesignName>
<engineerTo>
<item key="A4822966-D10E-BE72-9FC0-280C2254632B" value="true"/>
</engineerTo>
<useDomainConstraints>false</useDomainConstraints>
<use>1</use>
<logicalDatatype>LOGDT024</logicalDatatype>
<dataTypeSize>25</dataTypeSize>
<ownDataTypeParameters>25,,</ownDataTypeParameters>
</Attribute>
<Attribute name="fecha_despegue" id="66BF82FE-96B0-F2AE-3630-C8D88A3AEFAA">
<createdBy>carlamiranda</createdBy>
<createdTime>2026-01-13 01:45:12 UTC</createdTime>
<ownerDesignName>Modelamiento_S2</ownerDesignName>
<engineerTo>
<item key="A4822966-D10E-BE72-9FC0-280C2254632B" value="true"/>
</engineerTo>
<useDomainConstraints>false</useDomainConstraints>
<use>1</use>
<logicalDatatype>LOGDT007</logicalDatatype>
<ownDataTypeParameters>,,</ownDataTypeParameters>
</Attribute>
<Attribute name="hora_salida" id="8C0074A0-453C-82F4-F398-08A555B31792">
<createdBy>carlamiranda</createdBy>
<createdTime>2026-01-13 01:45:22 UTC</createdTime>
<ownerDesignName>Modelamiento_S2</ownerDesignName>
<engineerTo>
<item key="A4822966-D10E-BE72-9FC0-280C2254632B" value="true"/>
</engineerTo>
<useDomainConstraints>false</useDomainConstraints>
<use>1</use>
<logicalDatatype>LOGDT024</logicalDatatype>
<dataTypeSize>20</dataTypeSize>
<ownDataTypeParameters>20,,</ownDataTypeParameters>
</Attribute>
<Attribute name="fecha_llegada" id="B43E39B9-31CA-68E7-304D-13DFC770BAE0">
<createdBy>carlamiranda</createdBy>
<createdTime>2026-01-13 01:45:27 UTC</createdTime>
<ownerDesignName>Modelamiento_S2</ownerDesignName>
<engineerTo>
<item key="A4822966-D10E-BE72-9FC0-280C2254632B" value="true"/>
</engineerTo>
<useDomainConstraints>false</useDomainConstraints>
<use>1</use>
<logicalDatatype>LOGDT007</logicalDatatype>
<ownDataTypeParameters>,,</ownDataTypeParameters>
</Attribute>
<Attribute name="Matricula" id="A910A363-8194-C4D5-3AC6-1B3AD0D65335">
<createdBy>carlamiranda</createdBy>
<createdTime>2026-01-20 01:23:10 UTC</createdTime>
<generatorID>21ADBD36-A493-D81A-DCFD-F2D5736230F5</generatorID>
<ownerDesignName>Modelamiento_S2</ownerDesignName>
<engineerTo>
<item key="A4822966-D10E-BE72-9FC0-280C2254632B" value="true"/>
</engineerTo>
<referedAttribute>1924C694-5910-65C7-169A-5FF1265973B3</referedAttribute>
<useDomainConstraints>false</useDomainConstraints>
<use>1</use>
<logicalDatatype>LOGDT019</logicalDatatype>
<dataTypePrecision>10</dataTypePrecision>
<ownDataTypeParameters>,,</ownDataTypeParameters>
</Attribute>
</attributes>
<identifiers itemClass="oracle.dbtools.crest.model.design.logical.CandidateKey">
<identifier id="EA1E104A-032D-5FB7-418B-1FA388441476" name="VUELO PK">
<createdBy>carlamiranda</createdBy>
<createdTime>2026-01-13 01:45:10 UTC</createdTime>
<ownerDesignName>Modelamiento_S2</ownerDesignName>
<engineerTo>
<item key="A4822966-D10E-BE72-9FC0-280C2254632B" value="true"/>
</engineerTo>
<pk>true</pk>
<usedAttributes>
<attributeRef>25868A93-1C74-9C6C-7AA5-3BA3FFB52588</attributeRef>
</usedAttributes>
</identifier>
</identifiers>
</Entity>