<?xml version = '1.0' encoding = 'UTF-8'?>
<Entity class="oracle.dbtools.crest.model.design.logical.Entity" directorySegmentName="seg_0" id="970E8A53-2A20-6394-05B0-262EC497DFB5" name="Equipaje">
<createdBy>carlamiranda</createdBy>
<createdTime>2026-01-20 01:04:53 UTC</createdTime>
<ownerDesignName>Modelamiento_S2</ownerDesignName>
<engineerTo>
<item key="A4822966-D10E-BE72-9FC0-280C2254632B" value="true"/>
</engineerTo>
<adequatelyNormalized>NO</adequatelyNormalized>
<expectedVolumes>0</expectedVolumes>
<fwdEngineeringStrategyName>Single Table</fwdEngineeringStrategyName>
<growthPercent>0</growthPercent>
<growthType>Year</growthType>
<maxVolumes>9999999</maxVolumes>
<minVolumes>0</minVolumes>
<normalForm>Third</normalForm>
<attributes itemClass="oracle.dbtools.crest.model.design.logical.Attribute">
<Attribute name="Codigo_equipaje" id="3647E456-366F-041A-69BF-22D0210EAEB9">
<createdBy>carlamiranda</createdBy>
<createdTime>2026-01-20 01:05:37 UTC</createdTime>
<ownerDesignName>Modelamiento_S2</ownerDesignName>
<engineerTo>
<item key="A4822966-D10E-BE72-9FC0-280C2254632B" value="true"/>
</engineerTo>
<useDomainConstraints>false</useDomainConstraints>
<use>1</use>
<logicalDatatype>LOGDT024</logicalDatatype>
<dataTypeSize>15</dataTypeSize>
<ownDataTypeParameters>15,,</ownDataTypeParameters>
</Attribute>
<Attribute name="Color" id="9DB618E1-ADCA-A8A2-241A-F3EF354F81F1">
<createdBy>carlamiranda</createdBy>
<createdTime>2026-01-20 01:06:20 UTC</createdTime>
<ownerDesignName>Modelamiento_S2</ownerDesignName>
<engineerTo>
<item key="A4822966-D10E-BE72-9FC0-280C2254632B" value="true"/>
</engineerTo>
<useDomainConstraints>false</useDomainConstraints>
<use>1</use>
<logicalDatatype>LOGDT024</logicalDatatype>
<dataTypeSize>10</dataTypeSize>
<ownDataTypeParameters>10,,</ownDataTypeParameters>
</Attribute>
<Attribute name="Peso" id="45C923C0-937C-D8D5-1ECE-5094DAE974B1">
<createdBy>carlamiranda</createdBy>
<createdTime>2026-01-20 01:06:51 UTC</createdTime>
<ownerDesignName>Modelamiento_S2</ownerDesignName>
<engineerTo>
<item key="A4822966-D10E-BE72-9FC0-280C2254632B" value="true"/>
</engineerTo>
<useDomainConstraints>false</useDomainConstraints>
<use>1</use>
<logicalDatatype>LOGDT019</logicalDatatype>
<dataTypePrecision>4</dataTypePrecision>
<dataTypeScale>2</dataTypeScale>
<ownDataTypeParameters>,4,2</ownDataTypeParameters>
</Attribute>
<Attribute name="Descripcion" id="70D084AB-9D1A-971F-BCDC-B5E2CD7F541D">
<createdBy>carlamiranda</createdBy>
<createdTime>2026-01-20 01:07:49 UTC</createdTime>
<ownerDesignName>Modelamiento_S2</ownerDesignName>
<engineerTo>
<item key="A4822966-D10E-BE72-9FC0-280C2254632B" value="true"/>
</engineerTo>
<nullsAllowed>true</nullsAllowed>
<useDomainConstraints>false</useDomainConstraints>
<use>1</use>
<logicalDatatype>LOGDT024</logicalDatatype>
<dataTypeSize>30</dataTypeSize>
<ownDataTypeParameters>30,,</ownDataTypeParameters>
</Attribute>
<Attribute name="numero_documento" id="562DCA86-137B-AE0D-56A2-90DBF77E8295">
<createdBy>carlamiranda</createdBy>
<createdTime>2026-01-20 01:25:14 UTC</createdTime>
<generatorID>6179C397-33CB-095E-2318-D821D00C26CF</generatorID>
<ownerDesignName>Modelamiento_S2</ownerDesignName>
<engineerTo>
<item key="A4822966-D10E-BE72-9FC0-280C2254632B" value="true"/>
</engineerTo>
<referedAttribute>2566F793-7DF7-8771-35BE-68662C60830E</referedAttribute>
<useDomainConstraints>false</useDomainConstraints>
<use>1</use>
<logicalDatatype>LOGDT024</logicalDatatype>
<dataTypeSize>20</dataTypeSize>
<ownDataTypeParameters>,,</ownDataTypeParameters>
</Attribute>
</attributes>
<identifiers itemClass="oracle.dbtools.crest.model.design.logical.CandidateKey">
<identifier id="91B014E3-9994-FD39-C810-3D382A0BA0D5" name="Equipaje PK">
<createdBy>carlamiranda</createdBy>
<createdTime>2026-01-20 01:06:15 UTC</createdTime>
<ownerDesignName>Modelamiento_S2</ownerDesignName>
<engineerTo>
<item key="A4822966-D10E-BE72-9FC0-280C2254632B" value="true"/>
</engineerTo>
<pk>true</pk>
<usedAttributes>
<attributeRef>3647E456-366F-041A-69BF-22D0210EAEB9</attributeRef>
</usedAttributes>
</identifier>
</identifiers>
</Entity>