<?xml version = '1.0' encoding = 'UTF-8'?>
<Relation class="oracle.dbtools.crest.model.design.logical.Relation" name="Relation_6" directorySegmentName="seg_0" id="0B44A226-31D8-A8DD-86DB-C22AC42A0224">
<createdBy>carlamiranda</createdBy>
<createdTime>2026-01-20 01:26:03 UTC</createdTime>
<ownerDesignName>Modelamiento_S2</ownerDesignName>
<engineerTo>
<item key="A4822966-D10E-BE72-9FC0-280C2254632B" value="true"/>
</engineerTo>
<sourcePk>862206D1-DBEA-2478-F973-BF894EE0CF4C</sourcePk>
<identifying>false</identifying>
<optionalSource>true</optionalSource>
<optionalTarget>false</optionalTarget>
<sourceCardinality>1</sourceCardinality>
<sourceEntity>6C23834F-608C-6EFE-E3CB-24C8C8CBF4A3</sourceEntity>
<targetCardinalityString>*</targetCardinalityString>
<targetEntity>0624FC4F-7B6A-A175-2A2F-A3E6F41D290C</targetEntity>
<transferable>true</transferable>
<deleteRule>NO ACTION</deleteRule>
</Relation>