<?xml version = '1.0' encoding = 'UTF-8'?>
<Relation class="oracle.dbtools.crest.model.design.logical.Relation" name="Relation_2" directorySegmentName="seg_0" id="21ADBD36-A493-D81A-DCFD-F2D5736230F5">
<createdBy>carlamiranda</createdBy>
<createdTime>2026-01-20 01:22:37 UTC</createdTime>
<ownerDesignName>Modelamiento_S2</ownerDesignName>
<engineerTo>
<item key="A4822966-D10E-BE72-9FC0-280C2254632B" value="true"/>
</engineerTo>
<sourceTransferable>false</sourceTransferable>
<targetTransferable>false</targetTransferable>
<sourcePk>E6CC391E-E276-FD03-36A0-34B0FEFA31F4</sourcePk>
<identifying>false</identifying>
<optionalSource>true</optionalSource>
<optionalTarget>false</optionalTarget>
<sourceCardinality>1</sourceCardinality>
<sourceEntity>91B45A9B-CE1D-7AFE-85E7-EF95EA25136F</sourceEntity>
<targetCardinalityString>*</targetCardinalityString>
<targetEntity>70F473B7-9BA5-6FD8-A43B-46C963D7C353</targetEntity>
<transferable>true</transferable>
<deleteRule>NO ACTION</deleteRule>
</Relation>