<?xml version = '1.0' encoding = 'UTF-8'?>
<Relation class="oracle.dbtools.crest.model.design.logical.Relation" name="Relation_3" directorySegmentName="seg_0" id="318BBA48-A6A3-94D9-278E-0D442A40B247">
<createdBy>carlamiranda</createdBy>
<createdTime>2026-01-20 01:23:44 UTC</createdTime>
<ownerDesignName>Modelamiento_S2</ownerDesignName>
<engineerTo>
<item key="A4822966-D10E-BE72-9FC0-280C2254632B" value="true"/>
</engineerTo>
<sourceTransferable>false</sourceTransferable>
<targetTransferable>false</targetTransferable>
<sourcePk>3C124CCE-34AD-3F54-8ED8-DB6A2ED5BE86</sourcePk>
<identifying>false</identifying>
<optionalSource>true</optionalSource>
<optionalTarget>false</optionalTarget>
<sourceCardinality>1</sourceCardinality>
<sourceEntity>7D9F4F2E-ADBB-73D8-86C0-B3ACF959A437</sourceEntity>
<targetCardinalityString>*</targetCardinalityString>
<targetEntity>0624FC4F-7B6A-A175-2A2F-A3E6F41D290C</targetEntity>
<transferable>true</transferable>
<deleteRule>NO ACTION</deleteRule>
</Relation>