<?xml version = '1.0' encoding = 'UTF-8'?>
<Relation class="oracle.dbtools.crest.model.design.logical.Relation" name="Relation_4" directorySegmentName="seg_0" id="42E16AA4-C755-B7F2-DA90-7DC9E89926D1">
<createdBy>carlamiranda</createdBy>
<createdTime>2026-01-20 01:24:35 UTC</createdTime>
<ownerDesignName>Modelamiento_S2</ownerDesignName>
<engineerTo>
<item key="A4822966-D10E-BE72-9FC0-280C2254632B" value="true"/>
</engineerTo>
<sourceTransferable>false</sourceTransferable>
<targetTransferable>false</targetTransferable>
<sourcePk>EA1E104A-032D-5FB7-418B-1FA388441476</sourcePk>
<identifying>false</identifying>
<optionalSource>true</optionalSource>
<optionalTarget>false</optionalTarget>
<sourceCardinality>1</sourceCardinality>
<sourceEntity>70F473B7-9BA5-6FD8-A43B-46C963D7C353</sourceEntity>
<targetCardinalityString>*</targetCardinalityString>
<targetEntity>0624FC4F-7B6A-A175-2A2F-A3E6F41D290C</targetEntity>
<transferable>true</transferable>
<deleteRule>NO ACTION</deleteRule>
</Relation>