<?xml version = '1.0' encoding = 'UTF-8'?>
<Relation class="oracle.dbtools.crest.model.design.logical.Relation" name="Relation_5" directorySegmentName="seg_0" id="6179C397-33CB-095E-2318-D821D00C26CF">
<createdBy>carlamiranda</createdBy>
<createdTime>2026-01-20 01:25:10 UTC</createdTime>
<ownerDesignName>Modelamiento_S2</ownerDesignName>
<engineerTo>
<item key="A4822966-D10E-BE72-9FC0-280C2254632B" value="true"/>
</engineerTo>
<targetTransferable>false</targetTransferable>
<sourcePk>3C124CCE-34AD-3F54-8ED8-DB6A2ED5BE86</sourcePk>
<identifying>false</identifying>
<optionalSource>true</optionalSource>
<optionalTarget>false</optionalTarget>
<sourceCardinality>1</sourceCardinality>
<sourceEntity>7D9F4F2E-ADBB-73D8-86C0-B3ACF959A437</sourceEntity>
<targetCardinalityString>*</targetCardinalityString>
<targetEntity>970E8A53-2A20-6394-05B0-262EC497DFB5</targetEntity>
<transferable>true</transferable>
<deleteRule>NO ACTION</deleteRule>
</Relation>