<?xml version = '1.0' encoding = 'UTF-8'?>
<Diagram class="oracle.dbtools.crest.swingui.logical.DPVLogical" name="Logical" id="10A1239C-3788-55C9-D6BA-3DF68FA08D90">
<createdBy>carlamiranda</createdBy>
<modifiedBy>carlamiranda</modifiedBy>
<createdTime>2026-01-13 01:35:53 UTC</createdTime>
<autoRoute>false</autoRoute>
<boxInbox>true</boxInbox>
<showLegend>false</showLegend>
<showLabels>false</showLabels>
<showRelAttributes>false</showRelAttributes>
<gridEnabled>false</gridEnabled>
<showGrid>false</showGrid>
<diagramColor>-1</diagramColor>
<display>false</display>
<notation>0</notation>
<objectViews>
<OView class="oracle.dbtools.crest.swingui.logical.TVEntity" oid="0624FC4F-7B6A-A175-2A2F-A3E6F41D290C" otype="Entity" vid="43A082F1-302B-EF13-E644-0B3448E6FB7E">
<hideElementsInCurrentOnly>false</hideElementsInCurrentOnly>
<bounds x="389" y="18" width="223" height="101"/>
</OView>
<OView class="oracle.dbtools.crest.swingui.logical.TVEntity" oid="208A840A-B852-E7F3-8E3F-64BBF86912CC" otype="Entity" vid="93738ECC-DA80-9A52-7DD6-3D6850B484AC">
<hideElementsInCurrentOnly>false</hideElementsInCurrentOnly>
<bounds x="719" y="314" width="184" height="55"/>
</OView>
<OView class="oracle.dbtools.crest.swingui.logical.TVEntity" oid="43EC7C2E-6130-202E-7953-D017E897F6C7" otype="Entity" vid="F592ED3A-F5FE-F960-5797-27E861205785">
<hideElementsInCurrentOnly>false</hideElementsInCurrentOnly>
<bounds x="718" y="228" width="184" height="48"/>
</OView>
<OView class="oracle.dbtools.crest.swingui.logical.TVEntity" oid="6C23834F-608C-6EFE-E3CB-24C8C8CBF4A3" otype="Entity" vid="D6C42824-72D6-AE43-8302-728150E60F3E">
<hideElementsInCurrentOnly>false</hideElementsInCurrentOnly>
<bounds x="708" y="43" width="222" height="354"/>
</OView>
<OView class="oracle.dbtools.crest.swingui.logical.TVEntity" oid="70F473B7-9BA5-6FD8-A43B-46C963D7C353" otype="Entity" vid="220E4737-6AE5-7DBB-1FF7-EB170D19BF04">
<hideElementsInCurrentOnly>false</hideElementsInCurrentOnly>
<bounds x="280" y="324" width="204" height="117"/>
</OView>
<OView class="oracle.dbtools.crest.swingui.logical.TVEntity" oid="7D9F4F2E-ADBB-73D8-86C0-B3ACF959A437" otype="Entity" vid="5F539FBB-BA77-D91C-6BAD-448DC0F72E1F">
<hideElementsInCurrentOnly>false</hideElementsInCurrentOnly>
<bounds x="33" y="29" width="220" height="133"/>
</OView>
<OView class="oracle.dbtools.crest.swingui.logical.TVEntity" oid="91B45A9B-CE1D-7AFE-85E7-EF95EA25136F" otype="Entity" vid="6CB4154C-1A77-717B-04D9-0539A5BAE9DE">
<hideElementsInCurrentOnly>false</hideElementsInCurrentOnly>
<bounds x="622" y="443" width="170" height="110"/>
</OView>
<OView class="oracle.dbtools.crest.swingui.logical.TVEntity" oid="970E8A53-2A20-6394-05B0-262EC497DFB5" otype="Entity" vid="604DF4EC-9746-A1EC-3048-8D6C7DE00577">
<hideElementsInCurrentOnly>false</hideElementsInCurrentOnly>
<bounds x="33" y="340" width="229" height="107"/>
</OView>
</objectViews>
<connectors>
<Connector class="oracle.dbtools.crest.swingui.logical.TVRelation" oid="0B44A226-31D8-A8DD-86DB-C22AC42A0224" otype="Relation" vid_source="D6C42824-72D6-AE43-8302-728150E60F3E" vid_target="43A082F1-302B-EF13-E644-0B3448E6FB7E">
<hideElementsInCurrentOnly>false</hideElementsInCurrentOnly>
<backgroundColor>-16777216</backgroundColor>
<lineWidth>1</lineWidth>
<points>
<point x="708" y="81"/>
<point x="612" y="81"/>
</points>
</Connector>
<Connector class="oracle.dbtools.crest.swingui.logical.TVInheritanceRelation" oid="1278B219-5D30-9A1D-ED66-B31EF4016ABE" otype="Hierarchy relation" vid_source="D6C42824-72D6-AE43-8302-728150E60F3E" vid_target="F592ED3A-F5FE-F960-5797-27E861205785">
<hideElementsInCurrentOnly>false</hideElementsInCurrentOnly>
<backgroundColor>-65536</backgroundColor>
<lineWidth>1</lineWidth>
</Connector>
<Connector class="oracle.dbtools.crest.swingui.logical.TVRelation" oid="21ADBD36-A493-D81A-DCFD-F2D5736230F5" otype="Relation" vid_source="6CB4154C-1A77-717B-04D9-0539A5BAE9DE" vid_target="220E4737-6AE5-7DBB-1FF7-EB170D19BF04">
<hideElementsInCurrentOnly>false</hideElementsInCurrentOnly>
<backgroundColor>-16777216</backgroundColor>
<lineWidth>1</lineWidth>
<points>
<point x="622" y="467"/>
<point x="484" y="418"/>
</points>
</Connector>
<Connector class="oracle.dbtools.crest.swingui.logical.TVInheritanceRelation" oid="2A7F94AF-0785-524A-0A17-2C4A529807DC" otype="Hierarchy relation" vid_source="D6C42824-72D6-AE43-8302-728150E60F3E" vid_target="93738ECC-DA80-9A52-7DD6-3D6850B484AC">
<hideElementsInCurrentOnly>false</hideElementsInCurrentOnly>
<backgroundColor>-65536</backgroundColor>
<lineWidth>1</lineWidth>
</Connector>
<Connector class="oracle.dbtools.crest.swingui.logical.TVRelation" oid="318BBA48-A6A3-94D9-278E-0D442A40B247" otype="Relation" vid_source="5F539FBB-BA77-D91C-6BAD-448DC0F72E1F" vid_target="43A082F1-302B-EF13-E644-0B3448E6FB7E">
<hideElementsInCurrentOnly>false</hideElementsInCurrentOnly>
<backgroundColor>-16777216</backgroundColor>
<lineWidth>1</lineWidth>
<points>
<point x="253" y="89"/>
<point x="389" y="89"/>
</points>
</Connector>
<Connector class="oracle.dbtools.crest.swingui.logical.TVRelation" oid="42E16AA4-C755-B7F2-DA90-7DC9E89926D1" otype="Relation" vid_source="220E4737-6AE5-7DBB-1FF7-EB170D19BF04" vid_target="43A082F1-302B-EF13-E644-0B3448E6FB7E">
<hideElementsInCurrentOnly>false</hideElementsInCurrentOnly>
<backgroundColor>-16777216</backgroundColor>
<lineWidth>1</lineWidth>
<points>
<point x="436" y="324"/>
<point x="436" y="119"/>
</points>
</Connector>
<Connector class="oracle.dbtools.crest.swingui.logical.TVRelation" oid="6179C397-33CB-095E-2318-D821D00C26CF" otype="Relation" vid_source="5F539FBB-BA77-D91C-6BAD-448DC0F72E1F" vid_target="604DF4EC-9746-A1EC-3048-8D6C7DE00577">
<hideElementsInCurrentOnly>false</hideElementsInCurrentOnly>
<backgroundColor>-16777216</backgroundColor>
<lineWidth>1</lineWidth>
<points>
<point x="143" y="162"/>
<point x="143" y="340"/>
</points>
</Connector>
</connectors>
</Diagram>