<?xml version = '1.0' encoding = 'UTF-8'?>
<relationalModel class="oracle.dbtools.crest.model.design.relational.RelationalDesign" name="Relational_1" id="A4822966-D10E-BE72-9FC0-280C2254632B" mainViewID="D998CF4B-55D1-160F-C035-4AD7EC40907C">
<createdBy>carlamiranda</createdBy>
<createdTime>2026-01-13 01:35:04 UTC</createdTime>
<ownerDesignName>Modelamiento_S2</ownerDesignName>
<shouldBeOpen>false</shouldBeOpen>
<selectedRDBMSSite>32076570-2523-435C-2E92-BF29817DFF70</selectedRDBMSSite>
</relationalModel>